adoption,appeals,custody,child-support,civil,civil-harassment,cleaning-criminal-record,conservatorship,criminal,debt-collection,discovery-and-subpoenas,divorce,domestic-violence,elder-abuse,enforcement-of-judgment,eviction,fee-waivers,fl-motions-and-attachments,fl-enforcement,fl-interstate-actions,fl-governmental-child-support,fl-summary-dissolutions,fl-miscellaneous,gender-change,guardianship,gun-violence-prevention,juvenile,language-access,name-change,parentage,probate,proof-of-service,small-claims,traffic
FW-001,APP-001-INFO,FW-001,FW-001,FW-001,FW-001,FW-001,FW-001-GC,CR-100,FW-001,DISC-001,FW-001,CLETS-001,CLETS-001,EJ-001,FW-001,FW-001,FL-300,FL-400,FL-510,FL-600,FL-800,FL-910,CM-010,FW-001-GC,EPO-002,CLETS-001,INT-001,CM-010,FW-001,FW-001,APP-009,SC-100,CR-141-INFO
FW-001-INFO,APP-002,FW-001-INFO,FW-001-INFO,FW-001-INFO,FW-001-INFO,FW-001-INFO,FW-003-GC,CR-101,FW-001-INFO,DISC-002,FW-001-INFO,DV-100,FW-001,EJ-100,FW-001-INFO,FW-001-GC,FL-300 S,FL-401,FL-520,FL-605,FL-810,FL-912,FW-001,FW-003-GC,EPO-002 C,JV-050-INFO,INT-002(A),FW-001,FW-001-INFO,FW-001-INFO,APP-009-INFO,SC-100-INFO,CR-142
FW-003,APP-003,FW-003,FW-003,FW-003,FW-003,FW-003,FW-006-GC,CR-102,FW-003,DISC-003,FW-003,DV-101,FW-001-INFO,EJ-105,FW-003,FW-001-INFO,FL-300-INFO,FL-410,FL-530,FL-610,FL-810 S,FL-915,FW-001-INFO,FW-006-GC,EPO-002 K,JV-060-INFO,INT-100-INFO,FW-001-INFO,FW-003,FW-003,APP-009E,SC-100A,CR-143
FW-006,APP-004,FW-006,FW-006,FW-006,FW-006,FW-006,GC-005,CR-105,FW-006,DISC-004,FW-006,DV-105,FW-003,EJ-110,FW-006,FW-002,FL-300-INFO S,FL-411,FL-530 S,FL-611,FL-820,FL-920,FW-003,GC-005,EPO-002 S,JV-100,INT-110,FW-003,FW-006,FW-006,APP-109E,SC-101,CR-144
ADOPT-050-INFO,APP-005,CLETS-001,CLETS-001,CIV-010,CM-010,CR-180,GC-006,CR-106,EJ-001,DISC-005,FL-100,DV-108,FW-006,EJ-115,CP10,FW-002-GC,FL-303,FL-412,FL-560,FL-615,FL-825,FL-935,FW-006,GC-006,EPO-002 V,JV-101(A),INT-120,FW-006,FL-200,DE-111,CH-200,SC-103,CR-145
ADOPT-200,APP-006,DV-100,DV-100,CIV-020,CH-100,CR-181,GC-010,CR-106-INFO,EJ-100,DISC-010,FL-105,DV-109,EA-100,EJ-125,CP10.5,FW-003,FL-303 S,FL-415,FL-570,FL-615 S,FL-830,FL-940,NC-200,GC-010,GV-009,JV-110,INT-140,NC-100,FL-210,DE-111(A-3e),CH-200-INFO,SC-104,TR-100
ADOPT-205,APP-007,DV-101,DV-101,CIV-025,CH-100-INFO,CR-183,GC-015,CR-110,EJ-105,DISC-015,FL-107-INFO,DV-110,EA-109,EJ-130,UD-100,FW-003-GC,FL-304-INFO,FL-420,FL-575,FL-616,,FL-940 C,NC-225,GC-015,GV-020,JV-120,INT-200,NC-100-INFO,FL-220,DE-115,CH-250,SC-104A,TR-106
ADOPT-210,APP-008,DV-105,DV-105,CIV-050,CH-109,CR-184,GC-020,CR-111,EJ-110,DISC-020,FL-110,DV-112,EA-110,EJ-150,UD-105,FW-005,FL-305,FL-421,FL-580,FL-618,,FL-940 K,NC-230,GC-020,GV-020-INFO,JV-121,INT-300,NC-110,FL-230,DE-120,CR-106,SC-104B,TR-108
ADOPT-215,APP-009,DV-120,DV-120,CIV-090,CH-110,CR-185,GC-020(C),CR-112,EJ-115,DISC-030,FL-115,DV-115,EA-115,EJ-152,UD-106,FW-005-GC,FL-305 S,FL-430,FL-585,FL-618 S,,FL-940 S,NC-300,GC-020(C),GV-025,JV-122,INT-300 C,NC-110G,FL-235,DE-120(MA),DAL-012,SC-104C,TR-115
ADOPT-216,APP-009-INFO,DV-120-INFO,DV-120-INFO,CIV-100,CH-115,CR-186,GC-020(MA),CR-112 S,EJ-125,SUBP-001,FL-117,DV-115-INFO,EA-115-INFO,EJ-155,UD-110,FW-006,FL-306,FL-435,FL-590A,FL-620,,FL-940 V,NC-330,GC-020(MA),GV-030,JV-123,INT-300 CT,NC-120,FL-240,DE-120(P),DE-120(MA),SC-105,TR-120
ADOPT-220,APP-009E,DV-250,DV-250,CIV-105,CH-115-INFO,CR-187,GC-020(P),CR-113,EJ-130,SUBP-002,FL-120,DV-116,EA-116,EJ-156,UD-110 S,FW-006-GC,FL-306 S,FL-440,FL-592,FL-625,,FL-945,NC-500,GC-020(P),GV-100,JV-124,INT-300 F,NC-121,FL-250,DE-120(PA),DE-120(P),SC-105A,TR-130
ADOPT-225,APP-010,FL-100,FL-100,CIV-110,CH-116,CR-188,GC-020(PA),CR-115,EJ-150,SUBP-010,FL-130,DV-117,EA-120,EJ-160,UD-115,FW-007,FL-307,FL-445,FL-594,FL-625 S,,FL-950,NC-500-INFO,GC-020(PA),GV-100 C,JV-125,INT-300 K,NC-125,FL-260,DE-121,DE-120(PA),SC-107,TR-135
ADOPT-230,APP-011,FL-105,FL-107-INFO,CIV-120,CH-120,MC-025,GC-021,CR-117,EJ-152,SUBP-015,FL-130(A),DV-120,EA-120-INFO,EJ-165,UD-116,FW-007-GC,FL-307 S,FL-450,,FL-626,,FL-955,NC-510G,GC-021,GV-100 K,JV-126,INT-300 P,NC-130,FL-270,DE-121(MA),DE-121(MA),SC-108,TR-145
ADOPT-310,APP-012,FL-105(A),FL-115,CIV-130,CH-120-INFO,MC-031,GC-022,CR-118,EJ-155,SUBP-020,FL-140,DV-120-INFO,EA-130,EJ-170,UD-150,FW-008,FL-308,FL-455,,FL-626 C,,FL-955-INFO,NC-520,GC-022,GV-100 S,JV-127,INT-300 R,NC-130G,FL-272,DE-122,DV-200,SC-108A,TR-200
ADOPT-315,APP-013,FL-107-INFO,FL-150,CIV-140,CH-130,,GC-035,CR-119,EJ-156,SUBP-025,FL-141,DV-130,EA-200,EJ-175,SUM-130,FW-008-GC,FL-309,FL-460,,FL-626 K,,FL-955-INFO S,NC-530G,GC-035,GV-100 V,JV-128,INT-300 S,,FL-273,DE-125,DV-200-INFO,SC-109,TR-205
ADOPT-320,APP-014,FL-110,FL-155,CIV-141,CH-160,,GC-040,CR-120,EJ-160,SUBP-030,FL-142,DV-140,EA-200-INFO,EJ-180,POS-040,FW-010,FL-310,FL-461,,FL-626 S,,FL-956,,GC-040,GV-100-INFO,JV-129,INT-300 TG,,FL-274,DE-131,DV-250,SC-112A,TR-210
ADOPT-325,APP-014-INFO,FL-115,FL-191,CIV-150,CH-160-INFO,,GC-041,CR-125,EJ-165,SUBP-035,FL-144,DV-145,EA-250,EJ-182,,FW-010-GC,FL-311,FL-470,,FL-626 T,,FL-957,,GC-041,GV-100-INFO C,JV-130-INFO,INT-300 V,,FL-276,DE-135,EA-200,SC-113A,TR-215
ADOPT-330,APP-014A,FL-120,FL-192,CIV-151,CH-165,,GC-042,CR-126,EJ-170,SUBP-040,FL-145,DV-150,EA-260,EJ-185,,FW-011,FL-311 S,FL-475,,FL-626 V,,FL-958,,GC-042,GV-100-INFO K,JV-131,LA-350,,FL-278,DE-140,EA-200-INFO,SC-114,TR-220
ADOPT-331,APP-015-INFO,FL-200,FL-195,CIV-152,CH-170,,GC-042(MA),CR-131-INFO,EJ-175,SUBP-045,FL-150,DV-160,EA-600,EJ-190,,FW-011-GC,FL-312,FL-478,,FL-627,,FL-960,,GC-042(MA),GV-100-INFO S,JV-132,LA-400,,FL-280,DE-142,EA-250,SC-120,TR-225
ICWA-005-INFO,APP-015-INFO S,FL-210,FL-196,CIV-153,CH-175,,GC-045,CR-132,EJ-180,SUBP-050,FL-155,DV-160-INFO,EA-610,EJ-195,,FW-012,FL-312 S,FL-478-INFO,,FL-630,,FL-970,,GC-045,GV-100-INFO V,JV-133,LA-400 C,,FL-281,DE-147,EA-260,SC-120A,TR-235
ICWA-010(A),APP-016,FL-220,FL-200,CIV-160,CH-200,,GC-050,CR-133,EJ-182,,FL-157,DV-165,EA-620,,,FW-012-GC,FL-313-INFO,FL-480,,FL-630 S,,FL-980,,GC-050,GV-109,JV-134,LA-400 R,,FL-285,DE-147(S),EFS-005-CV,SC-130,TR-300
ICWA-020,APP-016 S,FL-260,FL-210,CIV-161,CH-200-INFO,,GC-051,CR-134,EJ-185,,FL-158,DV-170,EA-630,,,FW-015-INFO,FL-313-INFO C,FL-485,,FL-632,,FL-982,,GC-051,GV-109 C,JV-135,LA-400 S,,FL-290,DE-150,EFS-005-JV,SC-132,TR-300 o
ICWA-030,APP-016-GC,FL-270,FL-220,CIV-165,CH-250,,GC-060,CR-135,EJ-190,,FL-160,DV-175,EA-700,,,FW-016,FL-313-INFO K,FL-490,,FL-634,,FL-985,,GC-060,GV-109 K,JV-136,LA-400 V,,,DE-154,EFS-005-JV S,SC-133,TR-310
ICWA-030(A),APP-016-GC S,FL-300,FL-260,CIV-170,CH-260,,GC-065,CR-136,EJ-195,,FL-161,DV-180,EA-710,,,FW-016-GC,FL-313-INFO S,FL-490 S,,FL-634 S,,,,GC-065,GV-109 S,JV-140,LA-450,,,DE-157,EFS-006,SC-134,TR-310 o
ICWA-040,APP-020,FL-300-INFO,FL-270,CM-010,CH-600,,GC-070,CR-137,PLD-C-001,,FL-165,DV-200,EA-720,,,,FL-313-INFO T,,,FL-635,,,,GC-070,GV-109 V,JV-141,LA-450 C,,,DE-160,EFS-007,SC-135,TR-320
ICWA-050,APP-022,FL-303,FL-300,PLD-050,CH-610,,GC-075,CR-138,PLD-C-001(1),,FL-170,DV-200-INFO,EA-730,,,,FL-313-INFO V,,,FL-640,,,,GC-075,GV-110,JV-150,LA-450 R,,,DE-161,EFS-008,SC-140,TR-321
ICWA-060,APP-025,FL-304-INFO,FL-300-INFO,PLD-C-001,CH-620,,GC-079,CR-141-INFO,PLD-C-001(2),,FL-172,DV-205-INFO,EA-800,,,,FL-314-INFO,,,FL-640 S,,,,GC-079,GV-110 C,JV-180,LA-450 S,,,DE-165,EFS-010,SC-145,TR-500-INFO
,APP-031A,FL-305,FL-303,PLD-C-001(1),CH-630,,GC-079(MA),CR-142,PLD-C-001(3),,FL-174,DV-210,EA-800-INFO,,,,FL-314-INFO C,,,FL-640-INFO,,,,GC-079(MA),GV-110 K,JV-182,LA-450 V,,,DE-166,EFS-020,SC-150,TR-505
,APP-060,FL-306,FL-304-INFO,PLD-C-001(2),CH-700,,GC-080,CR-143,PLD-C-010,,FL-180,DV-250,,,,,FL-314-INFO K,,,FL-640-INFO S,,,,GC-080,GV-110 S,JV-183,,,,DE-172,EFS-050,SC-152,TR-510
,APP-101-INFO,FL-307,FL-305,PLD-C-001(3),CH-710,,GC-080(MA),CR-144,SUM-100,,FL-182,DV-400,,,,,FL-314-INFO S,,,FL-643,,,,GC-080(MA),GV-110 V,JV-184,,,,DE-174,EFS-050(D),SC-200,TR-INST
,APP-102,FL-308,FL-306,PLD-C-010,CH-720,,GC-085,CR-145,SUM-110,,FL-190,DV-400-INFO,,,,,FL-314-INFO V,,,FL-645,,,,GC-085,GV-115,JV-185,,,,DE-200,EFS-050(P),SC-200-INFO,
,APP-103,FL-309,FL-307,PLD-PI-001,CH-730,,GC-090,CR-150,POS-010,,FL-191,DV-500-INFO,,,,,FL-315,,,FL-646,,,,GC-090,GV-115 C,JV-190,,,,DE-221,FL-115,SC-220,
,APP-104,FL-310,FL-308,PLD-PI-001(1),CH-800,,GC-111,CR-151,POS-020,,FL-192,DV-505-INFO,,,,,FL-316,,,FL-650,,,,GC-100,GV-115 K,JV-195,,,,DE-226,FL-330,SC-220-INFO,
,APP-105,FL-311,FL-309,PLD-PI-001(2),CH-800-INFO,,GC-112(A-1),CR-160,POS-030,,FL-195,DV-520-INFO,,,,,FL-318-INFO,,,FL-651,,,,GC-101,GV-115 S,JV-200,,,,DE-260,FL-330-INFO,SC-221,
,APP-106,FL-312,FL-310,PLD-PI-001(3),CLETS-001,,GC-112(A-2),CR-160 S,,,FL-196,DV-530-INFO,,,,,FL-319,,,FL-660,,,,GC-110,GV-115 V,JV-205,,,,DE-265,FL-335,SC-222,
,APP-107,FL-313-INFO,FL-320,PLD-PI-001(4),,,GC-115,CR-161,,,,DV-570,,,,,FL-320,,,FL-661,,,,GC-110(P),GV-116,JV-206,,,,DE-270,FL-335-INFO,SC-223,
,APP-108,FL-314-INFO,FL-320-INFO,PLD-PI-001(5),,,GC-141,CR-162,,,,DV-600,,,,,FL-320 S,,,FL-661-INFO,,,,GC-210(PE),GV-116 C,JV-210,,,,DE-275,FL-686,SC-224,
,APP-109,FL-320,FL-330,PLD-PI-001(6),,,GC-310,CR-165,,,,DV-610,,,,,FL-320-INFO,,,FL-662,,,,GC-211,GV-116 K,JV-212,,,,DE-295,FL-985,SC-225,
,APP-109-INFO,FL-320-INFO,FL-340,PLD-PI-002,,,GC-310(A-PF),CR-168,,,,DV-630,,,,,FL-320-INFO S,,,FL-662-INFO,,,,GC-212,GV-116 S,JV-214,,,,DE-305,GC-020(MA),SC-225A,
,APP-109E,FL-330,FL-350,PLD-PI-003,,,GC-312,CR-170,,,,DV-700,,,,,FL-321,,,FL-663,,,,GC-240,GV-116 V,JV-214(A),,,,DE-310,GC-020(P),SC-290,
,APP-110,FL-330-INFO,,SUM-100,,,GC-313,CR-173,,,,DV-700-INFO,,,,,FL-322,,,FL-663 C,,,,GC-248,GV-120,JV-214-INFO,,,,DE-315,GC-020(PA),SC-300,
,APP-150-INFO,FL-340,,SUM-110,,,GC-314,CR-174,,,,DV-710,,,,,FL-322 S,,,FL-663 K,,,,GC-250,GV-120 C,JV-215,,,,DE-350,GV-200,SC-300-INFO,
,APP-151,FL-355,,POS-010,,,GC-320,CR-180,,,,DV-720,,,,,FL-323,,,FL-663 S,,,,GC-251,GV-120 K,JV-216,,,,DE-351,GV-200-INFO,,
,CR-120,MC-020,,POS-020,,,GC-322,CR-181,,,,DV-730,,,,,FL-323 C,,,FL-663 T,,,,GC-255,GV-120 S,JV-217-INFO,,,,,GV-250,,
,CR-126,MC-025,,POS-020(D),,,GC-330,CR-183,,,,DV-800,,,,,FL-323 K,,,FL-663 V,,,,GC-260,GV-120 V,JV-218,,,,,JV-282,,
,CR-131-INFO,,,POS-020(P),,,GC-331,CR-184,,,,DV-800-INFO,,,,,FL-323 S,,,FL-665,,,,GC-333,GV-120-INFO,JV-219,,,,,JV-310,,
,CR-132,,,POS-030,,,GC-332,CR-185,,,,DV-805,,,,,FL-323 V,,,FL-665 S,,,,GC-334,GV-120-INFO C,JV-220,,,,,JV-510,,
,CR-133,,,POS-030(D),,,GC-333,CR-186,,,,DV-815,,,,,FL-323-INFO,,,FL-666,,,,GC-505,GV-120-INFO K,JV-220(A),,,,,JV-510(A),,
,CR-134,,,POS-030(P),,,GC-334,CR-187,,,,DV-900,,,,,FL-323-INFO C,,,FL-667,,,,GC-510,GV-120-INFO S,JV-220(B),,,,,JV-569,,
,CR-135,,,,,,GC-335,CR-188,,,,DV-901,,,,,FL-323-INFO K,,,FL-670,,,,ICWA-005-INFO,GV-120-INFO V,JV-221,,,,,NC-121,,
,CR-136,,,,,,GC-335A,CR-190,,,,,,,,,FL-323-INFO S,,,FL-675,,,,ICWA-010(A),GV-130,JV-222,,,,,POS-010,,
,CR-137,,,,,,GC-336,CR-191,,,,,,,,,FL-323-INFO V,,,FL-676,,,,ICWA-020,GV-130 C,JV-223,,,,,POS-015,,
,CR-141-INFO,,,,,,GC-340,CR-200,,,,,,,,,FL-324,,,FL-676 S,,,,ICWA-030,GV-130 K,JV-224,,,,,POS-020,,
,CR-142,,,,,,GC-341,CR-210,,,,,,,,,FL-324 S,,,FL-676-INFO,,,,ICWA-030(A),GV-130 S,JV-225,,,,,POS-020(D),,
,CR-143,,,,,,GC-341 S,CR-220,,,,,,,,,FL-325,,,FL-677,,,,ICWA-050,GV-130 V,JV-226,,,,,POS-020(P),,
,CR-144,,,,,,GC-341(MA),CR-250,,,,,,,,,FL-326,,,FL-678,,,,MC-025,GV-200,JV-227,,,,,POS-030,,
,CR-145,,,,,,GC-348,CR-251,,,,,,,,,FL-327,,,FL-679,,,,,GV-200 C,JV-245,,,,,POS-030(D),,
,FW-001,,,,,,GC-348 S,CR-252,,,,,,,,,FL-328,,,FL-679 S,,,,,GV-200 K,JV-247,,,,,POS-030(P),,
,JV-800,,,,,,GC-350,CR-290,,,,,,,,,FL-329-INFO,,,FL-679-INFO,,,,,GV-200 S,JV-250,,,,,POS-040,,
,JV-810,,,,,,GC-355,CR-290(A),,,,,,,,,FL-329-INFO S,,,FL-679-INFO S,,,,,GV-200 V,JV-251,,,,,POS-040(D),,
,JV-816,,,,,,GC-360,CR-290.1,,,,,,,,,FL-330,,,FL-680,,,,,GV-200-INFO,JV-252,,,,,POS-040(P),,
,JV-817,,,,,,GC-361,CR-292,,,,,,,,,FL-330-INFO,,,FL-681,,,,,GV-200-INFO C,JV-252-INFO,,,,,POS-050,,
,JV-822,,,,,,GC-362,CR-300,,,,,,,,,FL-334,,,FL-683,,,,,GV-200-INFO K,JV-255,,,,,POS-050(D),,
,JV-825,,,,,,GC-363,CR-301,,,,,,,,,FL-335,,,FL-684,,,,,GV-200-INFO S,JV-257,,,,,POS-050(P),,
,JV-826,,,,,,GC-364,CR-302,,,,,,,,,FL-335-INFO,,,FL-685,,,,,GV-200-INFO V,JV-280,,,,,SC-104,,
,JV-826 S,,,,,,GC-365,CR-320,,,,,,,,,FL-336,,,FL-686,,,,,GV-250,JV-281,,,,,SC-104A,,
,JV-828,,,,,,GC-366,CR-321,,,,,,,,,FL-337,,,FL-687,,,,,GV-250 C,JV-282,,,,,SC-104B,,
,,,,,,,GC-367,CR-400,,,,,,,,,FL-338,,,FL-687 S,,,,,GV-250 K,JV-285,,,,,SC-104C,,
,,,,,,,GC-368,CR-401,,,,,,,,,FL-340,,,FL-688,,,,,GV-250 S,JV-287,,,,,SC-112A,,
,,,,,,,GC-380,CR-402,,,,,,,,,FL-341,,,FL-688 S,,,,,GV-250 V,JV-290,,,,,SC-113A,,
,,,,,,,GC-385,CR-403,,,,,,,,,FL-341 S,,,FL-692,,,,,GV-600,JV-290-INFO,,,,,SV-200,,
,,,,,,,GC-395,CR-404,,,,,,,,,FL-341(A),,,FL-692 S,,,,,GV-600 C,JV-295,,,,,SV-200-INFO,,
,,,,,,,GC-399,CR-405,,,,,,,,,FL-341(A) S,,,FL-693,,,,,GV-600 K,JV-296,,,,,SV-250,,
,,,,,,,GC-400(A)(1),CR-409,,,,,,,,,FL-341(B),,,FL-694,,,,,GV-600 S,JV-297,,,,,SV-260,,
,,,,,,,GC-400(A)(2),CR-409 C,,,,,,,,,FL-341(B) S,,,FL-694 C,,,,,GV-600 V,JV-298,,,,,WV-200,,
,,,,,,,GC-400(A)(3),CR-409 K,,,,,,,,,FL-341(C),,,FL-694 K,,,,,GV-610,JV-299,,,,,WV-200-INFO,,
,,,,,,,GC-400(A)(4),CR-409 S,,,,,,,,,FL-341(C) S,,,FL-694 S,,,,,GV-610 C,JV-300,,,,,WV-250,,
,,,,,,,GC-400(A)(5),CR-409 V,,,,,,,,,FL-341(D),,,FL-694 T,,,,,GV-610 K,JV-305,,,,,WV-260,,
,,,,,,,GC-400(A)(6),CR-409-INFO,,,,,,,,,FL-341(D) S,,,FL-694 V,,,,,GV-610 S,JV-310,,,,,,,
,,,,,,,GC-400(A)(C),CR-409-INFO C,,,,,,,,,FL-341(E),,,FL-697,,,,,GV-610 V,JV-320,,,,,,,
,,,,,,,GC-400(AP),CR-409-INFO K,,,,,,,,,FL-341(E) S,,,,,,,,GV-620,JV-321,,,,,,,
,,,,,,,GC-400(B),CR-409-INFO S,,,,,,,,,FL-342,,,,,,,,GV-620 C,JV-322,,,,,,,
,,,,,,,GC-400(C)(1),CR-409-INFO V,,,,,,,,,FL-342 S,,,,,,,,GV-620 K,JV-323,,,,,,,
,,,,,,,GC-400(C)(10),CR-410,,,,,,,,,FL-342(A),,,,,,,,GV-620 S,JV-324,,,,,,,
,,,,,,,GC-400(C)(11),CR-410 C,,,,,,,,,FL-343,,,,,,,,GV-620 V,JV-325,,,,,,,
,,,,,,,GC-400(C)(2),CR-410 K,,,,,,,,,FL-344,,,,,,,,GV-630,JV-326,,,,,,,
,,,,,,,GC-400(C)(3),CR-410 S,,,,,,,,,FL-344 S,,,,,,,,GV-630 C,JV-326-INFO,,,,,,,
,,,,,,,GC-400(C)(4),CR-410 V,,,,,,,,,FL-345,,,,,,,,GV-630 K,JV-327,,,,,,,
,,,,,,,GC-400(C)(5),CR-412,,,,,,,,,FL-345 S,,,,,,,,GV-630 S,JV-328,,,,,,,
,,,,,,,GC-400(C)(6),CR-600,,,,,,,,,FL-346,,,,,,,,GV-630 V,JV-330,,,,,,,
,,,,,,,GC-400(C)(7),CR-601,,,,,,,,,FL-347,,,,,,,,GV-700,JV-350-INFO,,,,,,,
,,,,,,,GC-400(C)(8),CR-602,,,,,,,,,FL-348,,,,,,,,GV-700 C,JV-356,,,,,,,
,,,,,,,GC-400(C)(9),CR-603,,,,,,,,,FL-348 S,,,,,,,,GV-700 K,JV-357,,,,,,,
,,,,,,,GC-400(D),CR-604,,,,,,,,,FL-350,,,,,,,,GV-700 S,JV-364,,,,,,,
,,,,,,,GC-400(DIST),CR-605,,,,,,,,,FL-350 S,,,,,,,,GV-700 V,JV-365,,,,,,,
,,,,,,,GC-400(E)(1),,,,,,,,,,FL-355,,,,,,,,GV-710,JV-367,,,,,,,
,,,,,,,GC-400(E)(2),,,,,,,,,,FL-355 S,,,,,,,,GV-710 C,JV-400,,,,,,,
,,,,,,,GC-400(F),,,,,,,,,,FL-356,,,,,,,,GV-710 K,JV-401,,,,,,,
,,,,,,,GC-400(G),,,,,,,,,,FL-356 S,,,,,,,,GV-710 S,JV-402,,,,,,,
,,,,,,,GC-400(NI),,,,,,,,,,FL-357,,,,,,,,GV-710 V,JV-403,,,,,,,
,,,,,,,GC-400(NL),,,,,,,,,,FL-357 S,,,,,,,,GV-720,JV-405,,,,,,,
,,,,,,,GC-400(OCH),,,,,,,,,,FL-358,,,,,,,,GV-720 C,JV-406,,,,,,,
,,,,,,,GC-400(OCR),,,,,,,,,,FL-358 S,,,,,,,,GV-720 K,JV-410,,,,,,,
,,,,,,,GC-400(PH)(1),,,,,,,,,,FL-360,,,,,,,,GV-720 S,JV-412,,,,,,,
,,,,,,,GC-400(PH)(2),,,,,,,,,,FL-365,,,,,,,,GV-720 V,JV-415,,,,,,,
,,,,,,,GC-400(SUM),,,,,,,,,,FL-367,,,,,,,,GV-730,JV-416,,,,,,,
,,,,,,,GC-405(A),,,,,,,,,,FL-370,,,,,,,,GV-730 C,JV-417,,,,,,,
,,,,,,,GC-405(AP),,,,,,,,,,FL-371,,,,,,,,GV-730 K,JV-418,,,,,,,
,,,,,,,GC-405(B),,,,,,,,,,FL-372,,,,,,,,GV-730 S,JV-419,,,,,,,
,,,,,,,GC-405(C),,,,,,,,,,FL-373,,,,,,,,GV-730 V,JV-419A,,,,,,,
,,,,,,,GC-405(D),,,,,,,,,,FL-374,,,,,,,,GV-800,JV-420,,,,,,,
,,,,,,,GC-405(DIST),,,,,,,,,,FL-375,,,,,,,,GV-800 C,JV-421,,,,,,,
,,,,,,,GC-405(E)(1),,,,,,,,,,FL-380,,,,,,,,GV-800 K,JV-425,,,,,,,
,,,,,,,GC-405(E)(2),,,,,,,,,,FL-381,,,,,,,,GV-800 S,JV-426,,,,,,,
,,,,,,,GC-405(F),,,,,,,,,,FL-382,,,,,,,,GV-800 V,JV-430,,,,,,,
,,,,,,,GC-405(G),,,,,,,,,,FL-390,,,,,,,,GV-800-INFO,JV-431,,,,,,,
,,,,,,,GC-405(OCH),,,,,,,,,,FL-391,,,,,,,,GV-800-INFO C,JV-432,,,,,,,
,,,,,,,GC-405(OCR),,,,,,,,,,FL-392,,,,,,,,GV-800-INFO K,JV-433,,,,,,,
,,,,,,,GC-405(PH)(1),,,,,,,,,,FL-393,,,,,,,,GV-800-INFO S,JV-435,,,,,,,
,,,,,,,GC-405(PH)(2),,,,,,,,,,FL-395,,,,,,,,GV-800-INFO V,JV-436,,,,,,,
,,,,,,,GC-405(SUM),,,,,,,,,,FL-396,,,,,,,,,JV-437,,,,,,,
,,,,,,,GC-410,,,,,,,,,,FL-397,,,,,,,,,JV-438,,,,,,,
,,,,,,,,,,,,,,,,,FL-398,,,,,,,,,JV-440,,,,,,,
,,,,,,,,,,,,,,,,,,,,,,,,,,JV-441,,,,,,,
,,,,,,,,,,,,,,,,,,,,,,,,,,JV-442,,,,,,,
,,,,,,,,,,,,,,,,,,,,,,,,,,JV-443,,,,,,,
,,,,,,,,,,,,,,,,,,,,,,,,,,JV-445,,,,,,,
,,,,,,,,,,,,,,,,,,,,,,,,,,JV-446,,,,,,,
,,,,,,,,,,,,,,,,,,,,,,,,,,JV-448,,,,,,,
,,,,,,,,,,,,,,,,,,,,,,,,,,JV-450,,,,,,,
,,,,,,,,,,,,,,,,,,,,,,,,,,JV-451,,,,,,,
,,,,,,,,,,,,,,,,,,,,,,,,,,JV-455,,,,,,,
,,,,,,,,,,,,,,,,,,,,,,,,,,JV-456,,,,,,,
,,,,,,,,,,,,,,,,,,,,,,,,,,JV-457,,,,,,,
,,,,,,,,,,,,,,,,,,,,,,,,,,JV-460,,,,,,,
,,,,,,,,,,,,,,,,,,,,,,,,,,JV-462,,,,,,,
,,,,,,,,,,,,,,,,,,,,,,,,,,JV-464-INFO,,,,,,,
,,,,,,,,,,,,,,,,,,,,,,,,,,JV-466,,,,,,,
,,,,,,,,,,,,,,,,,,,,,,,,,,JV-468,,,,,,,
,,,,,,,,,,,,,,,,,,,,,,,,,,JV-470,,,,,,,
,,,,,,,,,,,,,,,,,,,,,,,,,,JV-472,,,,,,,
,,,,,,,,,,,,,,,,,,,,,,,,,,JV-474,,,,,,,
,,,,,,,,,,,,,,,,,,,,,,,,,,JV-475,,,,,,,
,,,,,,,,,,,,,,,,,,,,,,,,,,JV-477,,,,,,,
,,,,,,,,,,,,,,,,,,,,,,,,,,JV-479,,,,,,,
,,,,,,,,,,,,,,,,,,,,,,,,,,JV-500,,,,,,,
,,,,,,,,,,,,,,,,,,,,,,,,,,JV-501,,,,,,,
,,,,,,,,,,,,,,,,,,,,,,,,,,JV-505,,,,,,,
,,,,,,,,,,,,,,,,,,,,,,,,,,JV-510,,,,,,,
,,,,,,,,,,,,,,,,,,,,,,,,,,JV-510(A),,,,,,,
,,,,,,,,,,,,,,,,,,,,,,,,,,JV-520,,,,,,,
,,,,,,,,,,,,,,,,,,,,,,,,,,JV-525,,,,,,,
,,,,,,,,,,,,,,,,,,,,,,,,,,JV-530,,,,,,,
,,,,,,,,,,,,,,,,,,,,,,,,,,JV-531,,,,,,,
,,,,,,,,,,,,,,,,,,,,,,,,,,JV-535,,,,,,,
,,,,,,,,,,,,,,,,,,,,,,,,,,JV-535(A),,,,,,,
,,,,,,,,,,,,,,,,,,,,,,,,,,JV-536,,,,,,,
,,,,,,,,,,,,,,,,,,,,,,,,,,JV-537,,,,,,,
,,,,,,,,,,,,,,,,,,,,,,,,,,JV-538,,,,,,,
,,,,,,,,,,,,,,,,,,,,,,,,,,JV-539,,,,,,,
,,,,,,,,,,,,,,,,,,,,,,,,,,JV-540,,,,,,,
,,,,,,,,,,,,,,,,,,,,,,,,,,JV-548,,,,,,,
,,,,,,,,,,,,,,,,,,,,,,,,,,JV-550,,,,,,,
,,,,,,,,,,,,,,,,,,,,,,,,,,JV-552,,,,,,,
,,,,,,,,,,,,,,,,,,,,,,,,,,JV-555,,,,,,,
,,,,,,,,,,,,,,,,,,,,,,,,,,JV-556,,,,,,,
,,,,,,,,,,,,,,,,,,,,,,,,,,JV-565,,,,,,,
,,,,,,,,,,,,,,,,,,,,,,,,,,JV-567,,,,,,,
,,,,,,,,,,,,,,,,,,,,,,,,,,JV-569,,,,,,,
,,,,,,,,,,,,,,,,,,,,,,,,,,JV-570,,,,,,,
,,,,,,,,,,,,,,,,,,,,,,,,,,JV-571,,,,,,,
,,,,,,,,,,,,,,,,,,,,,,,,,,JV-572,,,,,,,
,,,,,,,,,,,,,,,,,,,,,,,,,,JV-573,,,,,,,
,,,,,,,,,,,,,,,,,,,,,,,,,,JV-574,,,,,,,
,,,,,,,,,,,,,,,,,,,,,,,,,,JV-575,,,,,,,
,,,,,,,,,,,,,,,,,,,,,,,,,,JV-580,,,,,,,
,,,,,,,,,,,,,,,,,,,,,,,,,,JV-590,,,,,,,
,,,,,,,,,,,,,,,,,,,,,,,,,,JV-591,,,,,,,
,,,,,,,,,,,,,,,,,,,,,,,,,,JV-595,,,,,,,
,,,,,,,,,,,,,,,,,,,,,,,,,,JV-595-INFO,,,,,,,
,,,,,,,,,,,,,,,,,,,,,,,,,,JV-596,,,,,,,
,,,,,,,,,,,,,,,,,,,,,,,,,,JV-596-INFO,,,,,,,
,,,,,,,,,,,,,,,,,,,,,,,,,,JV-597,,,,,,,
,,,,,,,,,,,,,,,,,,,,,,,,,,JV-598,,,,,,,
,,,,,,,,,,,,,,,,,,,,,,,,,,JV-600,,,,,,,
,,,,,,,,,,,,,,,,,,,,,,,,,,JV-610,,,,,,,
,,,,,,,,,,,,,,,,,,,,,,,,,,JV-611,,,,,,,
,,,,,,,,,,,,,,,,,,,,,,,,,,JV-615,,,,,,,
,,,,,,,,,,,,,,,,,,,,,,,,,,JV-618,,,,,,,
,,,,,,,,,,,,,,,,,,,,,,,,,,JV-620,,,,,,,
,,,,,,,,,,,,,,,,,,,,,,,,,,JV-622,,,,,,,
,,,,,,,,,,,,,,,,,,,,,,,,,,JV-624,,,,,,,
,,,,,,,,,,,,,,,,,,,,,,,,,,JV-625,,,,,,,
,,,,,,,,,,,,,,,,,,,,,,,,,,JV-635,,,,,,,
,,,,,,,,,,,,,,,,,,,,,,,,,,JV-640,,,,,,,
,,,,,,,,,,,,,,,,,,,,,,,,,,JV-642,,,,,,,
,,,,,,,,,,,,,,,,,,,,,,,,,,JV-644,,,,,,,
,,,,,,,,,,,,,,,,,,,,,,,,,,JV-665,,,,,,,
,,,,,,,,,,,,,,,,,,,,,,,,,,JV-667,,,,,,,
,,,,,,,,,,,,,,,,,,,,,,,,,,JV-672,,,,,,,
,,,,,,,,,,,,,,,,,,,,,,,,,,JV-674,,,,,,,
,,,,,,,,,,,,,,,,,,,,,,,,,,JV-678,,,,,,,
,,,,,,,,,,,,,,,,,,,,,,,,,,JV-680,,,,,,,
,,,,,,,,,,,,,,,,,,,,,,,,,,JV-681,,,,,,,
,,,,,,,,,,,,,,,,,,,,,,,,,,JV-682,,,,,,,
,,,,,,,,,,,,,,,,,,,,,,,,,,JV-683,,,,,,,
,,,,,,,,,,,,,,,,,,,,,,,,,,JV-688,,,,,,,
,,,,,,,,,,,,,,,,,,,,,,,,,,JV-690,,,,,,,
,,,,,,,,,,,,,,,,,,,,,,,,,,JV-692,,,,,,,
,,,,,,,,,,,,,,,,,,,,,,,,,,JV-700,,,,,,,
,,,,,,,,,,,,,,,,,,,,,,,,,,JV-710,,,,,,,
,,,,,,,,,,,,,,,,,,,,,,,,,,JV-732,,,,,,,
,,,,,,,,,,,,,,,,,,,,,,,,,,JV-735,,,,,,,
,,,,,,,,,,,,,,,,,,,,,,,,,,JV-740,,,,,,,
,,,,,,,,,,,,,,,,,,,,,,,,,,JV-742,,,,,,,
,,,,,,,,,,,,,,,,,,,,,,,,,,JV-743,,,,,,,
,,,,,,,,,,,,,,,,,,,,,,,,,,JV-744,,,,,,,
,,,,,,,,,,,,,,,,,,,,,,,,,,JV-744A,,,,,,,
,,,,,,,,,,,,,,,,,,,,,,,,,,JV-745,,,,,,,
,,,,,,,,,,,,,,,,,,,,,,,,,,JV-746,,,,,,,
,,,,,,,,,,,,,,,,,,,,,,,,,,JV-748,,,,,,,
,,,,,,,,,,,,,,,,,,,,,,,,,,JV-749,,,,,,,
,,,,,,,,,,,,,,,,,,,,,,,,,,JV-750,,,,,,,
,,,,,,,,,,,,,,,,,,,,,,,,,,JV-751,,,,,,,
,,,,,,,,,,,,,,,,,,,,,,,,,,JV-755,,,,,,,
,,,,,,,,,,,,,,,,,,,,,,,,,,JV-760,,,,,,,
,,,,,,,,,,,,,,,,,,,,,,,,,,JV-790,,,,,,,
,,,,,,,,,,,,,,,,,,,,,,,,,,JV-791,,,,,,,
,,,,,,,,,,,,,,,,,,,,,,,,,,JV-792,,,,,,,
,,,,,,,,,,,,,,,,,,,,,,,,,,JV-793,,,,,,,
,,,,,,,,,,,,,,,,,,,,,,,,,,JV-794,,,,,,,
,,,,,,,,,,,,,,,,,,,,,,,,,,JV-796,,,,,,,
,,,,,,,,,,,,,,,,,,,,,,,,,,JV-798,,,,,,,
,,,,,,,,,,,,,,,,,,,,,,,,,,JV-800,,,,,,,
,,,,,,,,,,,,,,,,,,,,,,,,,,JV-805-INFO,,,,,,,
,,,,,,,,,,,,,,,,,,,,,,,,,,JV-810,,,,,,,
,,,,,,,,,,,,,,,,,,,,,,,,,,JV-816,,,,,,,
,,,,,,,,,,,,,,,,,,,,,,,,,,JV-817,,,,,,,
,,,,,,,,,,,,,,,,,,,,,,,,,,JV-820,,,,,,,
,,,,,,,,,,,,,,,,,,,,,,,,,,JV-822,,,,,,,
,,,,,,,,,,,,,,,,,,,,,,,,,,JV-825,,,,,,,
,,,,,,,,,,,,,,,,,,,,,,,,,,JV-826,,,,,,,
,,,,,,,,,,,,,,,,,,,,,,,,,,JV-828,,,,,,,
